{
  "version": 6,
  "include": [
    "CMakePresets-defaults.json"
  ],
  "configurePresets": [
    {
      "name": "ci-base",
      "hidden": true,
      "generator": "Ninja",
      "inherits": [
        "default"
      ],
      "cacheVariables": {
        "SPGLIB_WITH_Fortran": {
          "type": "BOOL",
          "value": true
        },
        "SPGLIB_WITH_TESTS": {
          "type": "BOOL",
          "value": true
        },
        "SPGLIB_WITH_Python": {
          "type": "BOOL",
          "value": false
        },
        "CMAKE_BUILD_TYPE": {
          "type": "STRING",
          "value": "RelWithDebInfo"
        },
        "SPGLIB_COMPILATION_WARNING": {
          "type": "BOOL",
          "value": true
        }
      },
      "errors": {
        "deprecated": true
      }
    },
    {
      "name": "ci-sanitizer",
      "hidden": true,
      "inherits": [
        "ci-base"
      ],
      "cacheVariables": {
        "SPGLIB_WITH_Python": {
          "type": "BOOL",
          "value": false
        },
        "SPGLIB_USE_SANITIZER": {
          "type": "STRING",
          "value": "$penv{SPGLIB_SANITIZER}"
        }
      }
    },
    {
      "name": "ci-coverage",
      "displayName": "Configure preset for test coverage",
      "inherits": [
        "ci-base"
      ],
      "binaryDir": "cmake-build-coverage",
      "cacheVariables": {
        "CMAKE_C_COMPILER": {
          "type": "FILEPATH",
          "value": "gcc"
        },
        "CMAKE_CXX_COMPILER": {
          "type": "FILEPATH",
          "value": "g++"
        },
        "CMAKE_Fortran_COMPILER": {
          "type": "FILEPATH",
          "value": "gfortran"
        },
        "CMAKE_LINKER": {
          "type": "FILEPATH",
          "value": "ld"
        },
        "SPGLIB_TEST_COVERAGE": {
          "type": "BOOL",
          "value": true
        },
        "SPGLIB_WITH_Python": {
          "type": "BOOL",
          "value": false
        }
      },
      "errors": {
        "deprecated": false
      }
    },
    {
      "name": "gcc-ci",
      "displayName": "Configure preset for GCC toolchain",
      "inherits": [
        "ci-base"
      ],
      "binaryDir": "cmake-build-ci-gcc",
      "cacheVariables": {
        "CMAKE_C_COMPILER": {
          "type": "FILEPATH",
          "value": "gcc"
        },
        "CMAKE_CXX_COMPILER": {
          "type": "FILEPATH",
          "value": "g++"
        },
        "CMAKE_Fortran_COMPILER": {
          "type": "FILEPATH",
          "value": "gfortran"
        },
        "CMAKE_LINKER": {
          "type": "FILEPATH",
          "value": "ld"
        }
      }
    },
    {
      "name": "intel-ci",
      "displayName": "Configure preset for Intel toolchain",
      "inherits": [
        "ci-base"
      ],
      "binaryDir": "cmake-build-ci-intel",
      "cacheVariables": {
        "CMAKE_C_COMPILER": {
          "type": "FILEPATH",
          "value": "icx"
        },
        "CMAKE_CXX_COMPILER": {
          "type": "FILEPATH",
          "value": "icpx"
        },
        "CMAKE_Fortran_COMPILER": {
          "type": "FILEPATH",
          "value": "ifx"
        }
      }
    },
    {
      "name": "llvm-ci",
      "displayName": "Configure preset for LLVM (Clang, Flang) toolchain",
      "inherits": [
        "ci-base"
      ],
      "binaryDir": "cmake-build-ci-llvm",
      "cacheVariables": {
        "CMAKE_C_COMPILER": {
          "type": "FILEPATH",
          "value": "clang"
        },
        "CMAKE_CXX_COMPILER": {
          "type": "FILEPATH",
          "value": "clang++"
        },
        "CMAKE_Fortran_COMPILER": {
          "type": "FILEPATH",
          "value": "gfortran"
        },
        "CMAKE_LINKER": {
          "type": "FILEPATH",
          "value": "lld"
        }
      }
    },
    {
      "name": "windows-ci",
      "displayName": "Configure preset for Windows native toolchain",
      "inherits": [
        "ci-base"
      ],
      "binaryDir": "cmake-build-ci-windows",
      "cacheVariables": {
        "CMAKE_C_COMPILER": {
          "type": "FILEPATH",
          "value": "cl"
        },
        "CMAKE_CXX_COMPILER": {
          "type": "FILEPATH",
          "value": "cl"
        },
        "SPGLIB_WITH_Fortran": {
          "type": "BOOL",
          "value": false
        }
      }
    },
    {
      "name": "macos-ci",
      "displayName": "Configure preset for MacOS native toolchain",
      "inherits": [
        "ci-base"
      ],
      "binaryDir": "cmake-build-ci-macos",
      "cacheVariables": {
        "CMAKE_C_COMPILER": {
          "type": "FILEPATH",
          "value": "clang"
        },
        "CMAKE_CXX_COMPILER": {
          "type": "FILEPATH",
          "value": "clang++"
        },
        "SPGLIB_WITH_Fortran": {
          "type": "BOOL",
          "value": false
        }
      }
    },
    {
      "name": "gcc-ci-sanitizer",
      "displayName": "GCC toolchain + sanitizer",
      "inherits": [
        "ci-sanitizer",
        "gcc-ci"
      ]
    },
    {
      "name": "llvm-ci-sanitizer",
      "displayName": "LLVM toolchain + sanitizer",
      "inherits": [
        "ci-sanitizer",
        "llvm-ci"
      ]
    }
  ],
  "buildPresets": [
    {
      "name": "ci-base",
      "hidden": true,
      "inherits": [
        "default"
      ],
      "cleanFirst": true
    },
    {
      "name": "ci-coverage",
      "displayName": "Build preset for test coverage",
      "inherits": [
        "ci-base"
      ],
      "configurePreset": "ci-coverage"
    },
    {
      "name": "gcc-ci",
      "displayName": "Build preset for GCC toolchain",
      "inherits": [
        "ci-base"
      ],
      "configurePreset": "gcc-ci"
    },
    {
      "name": "intel-ci",
      "displayName": "Build preset for Intel toolchain",
      "inherits": [
        "ci-base"
      ],
      "configurePreset": "intel-ci"
    },
    {
      "name": "llvm-ci",
      "displayName": "Build preset for LLVM (Clang, Flang) toolchain",
      "inherits": [
        "ci-base"
      ],
      "configurePreset": "llvm-ci"
    },
    {
      "name": "windows-ci",
      "displayName": "Build preset for Windows native toolchain",
      "inherits": [
        "ci-base"
      ],
      "configurePreset": "windows-ci"
    },
    {
      "name": "macos-ci",
      "displayName": "Build preset for MacOS native toolchain",
      "inherits": [
        "ci-base"
      ],
      "configurePreset": "macos-ci"
    },
    {
      "name": "gcc-ci-sanitizer",
      "displayName": "GCC toolchain + sanitizer",
      "inherits": [
        "ci-base"
      ],
      "configurePreset": "gcc-ci-sanitizer"
    },
    {
      "name": "llvm-ci-sanitizer",
      "displayName": "LLVM toolchain + sanitizer",
      "inherits": [
        "ci-base"
      ],
      "configurePreset": "llvm-ci-sanitizer"
    }
  ],
  "testPresets": [
    {
      "name": "ci-base",
      "hidden": true,
      "inherits": [
        "default"
      ],
      "output": {
        "outputOnFailure": true
      }
    },
    {
      "name": "ci-coverage",
      "hidden": true,
      "inherits": [
        "default"
      ],
      "configurePreset": "ci-coverage"
    },
    {
      "name": "gcc-ci",
      "displayName": "Test preset for GCC toolchain",
      "inherits": [
        "ci-base"
      ],
      "configurePreset": "gcc-ci"
    },
    {
      "name": "intel-ci",
      "displayName": "Test preset for Intel toolchain",
      "inherits": [
        "ci-base"
      ],
      "configurePreset": "intel-ci"
    },
    {
      "name": "llvm-ci",
      "displayName": "Test preset for LLVM (Clang, Flang) toolchain",
      "inherits": [
        "ci-base"
      ],
      "configurePreset": "llvm-ci"
    },
    {
      "name": "windows-ci",
      "displayName": "Test preset for Windows native toolchain",
      "inherits": [
        "ci-base"
      ],
      "configurePreset": "windows-ci"
    },
    {
      "name": "macos-ci",
      "displayName": "Test preset for MacOS native toolchain",
      "inherits": [
        "ci-base"
      ],
      "configurePreset": "macos-ci"
    },
    {
      "name": "gcc-ci-sanitizer",
      "displayName": "GCC toolchain + sanitizer",
      "inherits": [
        "ci-base"
      ],
      "configurePreset": "gcc-ci-sanitizer"
    },
    {
      "name": "llvm-ci-sanitizer",
      "displayName": "LLVM toolchain + sanitizer",
      "inherits": [
        "ci-base"
      ],
      "configurePreset": "llvm-ci-sanitizer"
    },
    {
      "name": "ci-coverage-unit_tests",
      "displayName": "Test preset for test coverage of unit tests",
      "inherits": [
        "ci-coverage"
      ],
      "filter": {
        "include": {
          "label": "unit_tests"
        }
      }
    },
    {
      "name": "ci-coverage-c_api",
      "displayName": "Test preset for test coverage of C api",
      "inherits": [
        "ci-coverage"
      ],
      "filter": {
        "include": {
          "label": "c_api"
        }
      }
    },
    {
      "name": "ci-coverage-fortran_api",
      "displayName": "Test preset for test coverage of Fortran api",
      "inherits": [
        "ci-coverage"
      ],
      "filter": {
        "include": {
          "label": "fortran_api"
        }
      }
    }
  ],
  "workflowPresets": [
    {
      "name": "gcc-ci",
      "displayName": "CI test for GCC toolchain",
      "steps": [
        {
          "type": "configure",
          "name": "gcc-ci"
        },
        {
          "type": "build",
          "name": "gcc-ci"
        },
        {
          "type": "test",
          "name": "gcc-ci"
        }
      ]
    },
    {
      "name": "intel-ci",
      "displayName": "CI test for Intel toolchain",
      "steps": [
        {
          "type": "configure",
          "name": "intel-ci"
        },
        {
          "type": "build",
          "name": "intel-ci"
        },
        {
          "type": "test",
          "name": "intel-ci"
        }
      ]
    },
    {
      "name": "llvm-ci",
      "displayName": "CI test for LLVM (Clang, Flang) toolchain",
      "steps": [
        {
          "type": "configure",
          "name": "llvm-ci"
        },
        {
          "type": "build",
          "name": "llvm-ci"
        },
        {
          "type": "test",
          "name": "llvm-ci"
        }
      ]
    },
    {
      "name": "windows-ci",
      "displayName": "CI test for Windows native toolchain",
      "steps": [
        {
          "type": "configure",
          "name": "windows-ci"
        },
        {
          "type": "build",
          "name": "windows-ci"
        },
        {
          "type": "test",
          "name": "windows-ci"
        }
      ]
    },
    {
      "name": "macos-ci",
      "displayName": "CI test for MacOS native toolchain",
      "steps": [
        {
          "type": "configure",
          "name": "macos-ci"
        },
        {
          "type": "build",
          "name": "macos-ci"
        },
        {
          "type": "test",
          "name": "macos-ci"
        }
      ]
    },
    {
      "name": "gcc-ci-sanitizer",
      "displayName": "CI test for GCC toolchain + sanitizer",
      "steps": [
        {
          "type": "configure",
          "name": "gcc-ci-sanitizer"
        },
        {
          "type": "build",
          "name": "gcc-ci-sanitizer"
        },
        {
          "type": "test",
          "name": "gcc-ci-sanitizer"
        }
      ]
    },
    {
      "name": "llvm-ci-sanitizer",
      "displayName": "CI test for LLVM toolchain + sanitizer",
      "steps": [
        {
          "type": "configure",
          "name": "llvm-ci-sanitizer"
        },
        {
          "type": "build",
          "name": "llvm-ci-sanitizer"
        },
        {
          "type": "test",
          "name": "llvm-ci-sanitizer"
        }
      ]
    },
    {
      "name": "ci-coverage-unit_tests",
      "displayName": "Coverage tests for unit tests",
      "steps": [
        {
          "type": "configure",
          "name": "ci-coverage"
        },
        {
          "type": "build",
          "name": "ci-coverage"
        },
        {
          "type": "test",
          "name": "ci-coverage-unit_tests"
        }
      ]
    },
    {
      "name": "ci-coverage-c_api",
      "displayName": "Coverage tests for C api",
      "steps": [
        {
          "type": "configure",
          "name": "ci-coverage"
        },
        {
          "type": "build",
          "name": "ci-coverage"
        },
        {
          "type": "test",
          "name": "ci-coverage-c_api"
        }
      ]
    },
    {
      "name": "ci-coverage-fortran_api",
      "displayName": "Coverage tests for Fortran api",
      "steps": [
        {
          "type": "configure",
          "name": "ci-coverage"
        },
        {
          "type": "build",
          "name": "ci-coverage"
        },
        {
          "type": "test",
          "name": "ci-coverage-fortran_api"
        }
      ]
    }
  ]
}
