{
  "version": 6,
  "configurePresets": [
    {
      "name": "default",
      "displayName": "Default configuration preset",
      "binaryDir": "cmake-build-release",
      "cacheVariables": {
        "CMAKE_BUILD_TYPE": {
          "type": "STRING",
          "value": "Release"
        },
        "CMAKE_MESSAGE_CONTEXT_SHOW": {
          "type": "BOOL",
          "value": true
        }
      }
    }
  ],
  "buildPresets": [
    {
      "name": "default",
      "displayName": "Default build preset",
      "configurePreset": "default"
    }
  ],
  "testPresets": [
    {
      "name": "default",
      "displayName": "Default test preset",
      "configurePreset": "default"
    }
  ],
  "workflowPresets": [
    {
      "name": "default",
      "displayName": "Default workflow",
      "steps": [
        {
          "type": "configure",
          "name": "default"
        },
        {
          "type": "build",
          "name": "default"
        },
        {
          "type": "test",
          "name": "default"
        }
      ]
    }
  ]
}
